{
    "items": [
        {
            "_id": "67895cbdd549ac3dab0e7f94",
            "_tpl": "5ac66d9b5acfc4001633997a",
            "upd": {
                "Repairable": {
                    "MaxDurability": 100,
                    "Durability": 100
                },
                "Foldable": {
                    "Folded": false
                },
                "FireMode": {
                    "FireMode": "single"
                }
            }
        },
        {
            "_id": "67895cbdd549ac3dab0e7f95",
            "_tpl": "59c6633186f7740cf0493bb9",
            "slotId": "mod_gas_block",
            "parentId": "67895cbdd549ac3dab0e7f94"
        },
        {
            "_id": "67895cbdd549ac3dab0e7f96",
            "_tpl": "5ac72e945acfc43f3b691116",
            "slotId": "mod_muzzle",
            "parentId": "67895cbdd549ac3dab0e7f94"
        },
        {
            "_id": "67895cbdd549ac3dab0e7f97",
            "_tpl": "5649ade84bdc2d1b2b8b4587",
            "slotId": "mod_pistol_grip",
            "parentId": "67895cbdd549ac3dab0e7f94"
        },
        {
            "_id": "67895cbdd549ac3dab0e7f98",
            "_tpl": "5ac50da15acfc4001718d287",
            "slotId": "mod_reciever",
            "parentId": "67895cbdd549ac3dab0e7f94"
        },
        {
            "_id": "67895cbdd549ac3dab0e7f99",
            "_tpl": "5ac733a45acfc400192630e2",
            "slotId": "mod_sight_rear",
            "upd": {
                "Sight": {
                    "ScopesCurrentCalibPointIndexes": [
                        0
                    ],
                    "ScopesSelectedModes": [
                        0
                    ],
                    "SelectedScope": 0,
                    "ScopeZoomValue": 0
                }
            },
            "parentId": "67895cbdd549ac3dab0e7f94"
        },
        {
            "_id": "67895cbdd549ac3dab0e7f9a",
            "_tpl": "5ac50c185acfc400163398d4",
            "slotId": "mod_stock",
            "parentId": "67895cbdd549ac3dab0e7f94"
        },
        {
            "_id": "67895cbdd549ac3dab0e7f9b",
            "_tpl": "55d480c04bdc2d1d4e8b456a",
            "slotId": "mod_magazine",
            "parentId": "67895cbdd549ac3dab0e7f94"
        },
        {
            "_id": "67895cbdd549ac3dab0e7f9c",
            "_tpl": "5648b1504bdc2d9d488b4584",
            "slotId": "mod_handguard",
            "parentId": "67895cbdd549ac3dab0e7f95"
        }
    ]
}