{
    "items": [
        {
            "_id": "67895f1bd549ac3dab0e83de",
            "_tpl": "5bb2475ed4351e00853264e3",
            "upd": {
                "Repairable": {
                    "MaxDurability": 100,
                    "Durability": 100
                },
                "FireMode": {
                    "FireMode": "single"
                }
            }
        },
        {
            "_id": "67895f1bd549ac3dab0e83df",
            "_tpl": "5bb20e0ed4351e3bac1212dc",
            "slotId": "mod_pistol_grip",
            "parentId": "67895f1bd549ac3dab0e83de"
        },
        {
            "_id": "67895f1bd549ac3dab0e83e0",
            "_tpl": "5c05413a0db834001c390617",
            "slotId": "mod_magazine",
            "parentId": "67895f1bd549ac3dab0e83de"
        },
        {
            "_id": "67895f1bd549ac3dab0e83e1",
            "_tpl": "5bb20d53d4351e4502010a69",
            "slotId": "mod_reciever",
            "parentId": "67895f1bd549ac3dab0e83de"
        },
        {
            "_id": "67895f1bd549ac3dab0e83e2",
            "_tpl": "5bb20e58d4351e00320205d7",
            "slotId": "mod_stock",
            "parentId": "67895f1bd549ac3dab0e83de"
        },
        {
            "_id": "67895f1bd549ac3dab0e83e8",
            "_tpl": "5bb20dbcd4351e44f824c04e",
            "slotId": "mod_charge",
            "parentId": "67895f1bd549ac3dab0e83de"
        },
        {
            "_id": "67895f1bd549ac3dab0e83e7",
            "_tpl": "5bb20d9cd4351e00334c9d8a",
            "slotId": "mod_barrel",
            "parentId": "67895f1bd549ac3dab0e83e1"
        },
        {
            "_id": "67895f1bd549ac3dab0e83e6",
            "_tpl": "5bb20de5d4351e0035629e59",
            "slotId": "mod_handguard",
            "parentId": "67895f1bd549ac3dab0e83e1"
        },
        {
            "_id": "67895f1bd549ac3dab0e83e5",
            "_tpl": "5bb20e49d4351e3bac1212de",
            "slotId": "mod_sight_rear",
            "upd": {
                "Sight": {
                    "ScopesCurrentCalibPointIndexes": [
                        0
                    ],
                    "ScopesSelectedModes": [
                        0
                    ],
                    "SelectedScope": 0,
                    "ScopeZoomValue": 0
                }
            },
            "parentId": "67895f1bd549ac3dab0e83e1"
        },
        {
            "_id": "67895f1bd549ac3dab0e83e9",
            "_tpl": "5bb20e70d4351e0035629f8f",
            "slotId": "mod_stock_000",
            "parentId": "67895f1bd549ac3dab0e83e2"
        },
        {
            "_id": "67895f1bd549ac3dab0e83e3",
            "_tpl": "544a38634bdc2d58388b4568",
            "slotId": "mod_muzzle",
            "parentId": "67895f1bd549ac3dab0e83e7"
        },
        {
            "_id": "67895f1bd549ac3dab0e83e4",
            "_tpl": "5bb20dcad4351e3bac1212da",
            "slotId": "mod_gas_block",
            "parentId": "67895f1bd549ac3dab0e83e7"
        }
    ]
}