{
    "items": [
        {
            "_id": "67895faed549ac3dab0e83ef",
            "_tpl": "5fc3f2d5900b1d5091531e57",
            "upd": {
                "Repairable": {
                    "MaxDurability": 100,
                    "Durability": 100
                },
                "Foldable": {
                    "Folded": false
                },
                "FireMode": {
                    "FireMode": "single"
                }
            }
        },
        {
            "_id": "67895faed549ac3dab0e83f0",
            "_tpl": "5a718b548dc32e000d46d262",
            "slotId": "mod_magazine",
            "parentId": "67895faed549ac3dab0e83ef"
        },
        {
            "_id": "67895faed549ac3dab0e83f1",
            "_tpl": "5fb6567747ce63734e3fa1dc",
            "slotId": "mod_sight_front",
            "upd": {
                "Sight": {
                    "ScopesCurrentCalibPointIndexes": [
                        0
                    ],
                    "ScopesSelectedModes": [
                        0
                    ],
                    "SelectedScope": 0,
                    "ScopeZoomValue": 0
                }
            },
            "parentId": "67895faed549ac3dab0e83ef"
        },
        {
            "_id": "67895faed549ac3dab0e83f2",
            "_tpl": "5fb6564947ce63734e3fa1da",
            "slotId": "mod_sight_rear",
            "upd": {
                "Sight": {
                    "ScopesCurrentCalibPointIndexes": [
                        0
                    ],
                    "ScopesSelectedModes": [
                        0
                    ],
                    "SelectedScope": 0,
                    "ScopeZoomValue": 0
                }
            },
            "parentId": "67895faed549ac3dab0e83ef"
        },
        {
            "_id": "67895faed549ac3dab0e83f3",
            "_tpl": "5fb6558ad6f0b2136f2d7eb7",
            "slotId": "mod_stock",
            "parentId": "67895faed549ac3dab0e83ef"
        },
        {
            "_id": "67895faed549ac3dab0e83f4",
            "_tpl": "5fbbc366ca32ed67276c1557",
            "slotId": "mod_barrel",
            "parentId": "67895faed549ac3dab0e83ef"
        },
        {
            "_id": "67895faed549ac3dab0e83f5",
            "_tpl": "5fbb976df9986c4cff3fe5f2",
            "slotId": "mod_mount",
            "parentId": "67895faed549ac3dab0e83ef"
        },
        {
            "_id": "67895faed549ac3dab0e83f6",
            "_tpl": "5fce0f9b55375d18a253eff2",
            "slotId": "mod_mount_001",
            "parentId": "67895faed549ac3dab0e83ef"
        },
        {
            "_id": "67895faed549ac3dab0e83f7",
            "_tpl": "5fce0f9b55375d18a253eff2",
            "slotId": "mod_mount_002",
            "parentId": "67895faed549ac3dab0e83ef"
        },
        {
            "_id": "67895faed549ac3dab0e83f8",
            "_tpl": "5fbbc34106bde7524f03cbe9",
            "slotId": "mod_muzzle",
            "parentId": "67895faed549ac3dab0e83f4"
        }
    ]
}